modelo,R2_OOS,RMSE,MAE,Bias
M5_custom_BoxCox_ciclo_amortecido,0.8939843049167115,24.369537192205414,18.632794805093937,0.02651521283292247
M1_nivel_local_H1,0.8819597007236123,25.714456521451645,19.63112390500867,-0.6303960995293885
M2_nivel_local_HN,0.8819597007236123,25.714456521451645,19.63112390500867,-0.6303960995293885
M3_tendencia_local_H1,0.8811224384758057,25.805491959657182,19.706913732714153,-1.3041308122078112
M4_tendencia_local_HN,0.8811224384758057,25.805491959657182,19.706913732714153,-1.3041308122078112
M6_conformidade_tendencia_mais_ciclo_usual,0.8319078631492112,30.685690331230244,22.86187036558902,-1.6643769623482065
