modelo,llf,AIC,BIC,HQIC,nobs
M5_custom_BoxCox_ciclo_amortecido,-854.2532848682187,1724.5065697364373,1753.4697766621746,1736.1290175729378,276
M1_nivel_local_H1,-1143.9796937866222,2299.9593875732444,2321.6817927675474,2308.6762234506195,276
M2_nivel_local_HN,-1143.9796937866222,2299.9593875732444,2321.6817927675474,2308.6762234506195,276
M3_tendencia_local_H1,-1144.9470929758816,2305.894185951763,2334.8573928775004,2317.5166337882633,276
M4_tendencia_local_HN,-1144.9470929758816,2305.894185951763,2334.8573928775004,2317.5166337882633,276
M6_conformidade_tendencia_mais_ciclo_usual,-1176.9121247115881,2371.8242494231763,2404.4078572146304,2384.899503239239,276
