modelo,n,media_residuo,dp_residuo,RMSE,MAE,Ljung_Box_lag_11_pvalue,Jarque_Bera_pvalue,maior_abs_residuo
M5_custom_BoxCox_ciclo_amortecido,33,-0.2668572639107877,17.61387971864823,17.347002450124997,13.222371400104459,0.21875484633713133,0.4072548784624237,42.5564749275936
M1_nivel_local_H1,33,-0.7598057508053759,18.576495383111688,18.308640815370453,13.89888324947549,0.18440664280429903,0.8346091315072188,48.26735250424477
M2_nivel_local_HN,33,-0.7598057508053759,18.576495383111688,18.308640815370453,13.89888324947549,0.18440664280429903,0.8346091315072188,48.26735250424477
M3_tendencia_local_H1,33,-1.2606212307586127,18.610216356712172,18.369381115984822,13.934021062382312,0.18150134831954604,0.8111913003320148,49.251162995875376
M4_tendencia_local_HN,33,-1.2606212307586127,18.610216356712172,18.369381115984822,13.934021062382312,0.18150134831954604,0.8111913003320148,49.251162995875376
M6_conformidade_tendencia_mais_ciclo_usual,33,-1.4741183398460653,22.216750620330664,21.927150791895,16.386368784490813,0.006268825420266147,0.7543458148690189,54.49735728915552
