teste,estatistica,p_value
Levene por blocos históricos,4.9168695299331855,0.0007662521992201252
