bloco,n,media,desvio_padrao,maximo
1700-1760,61,37.85901639344262,30.18397685886327,122.0
1761-1820,60,45.99,38.14888629336024,154.4
1821-1880,60,49.35666666666667,37.56234305550186,139.0
1881-1940,60,42.34166666666667,30.185080452450407,114.4
1941-1975,35,71.61142857142858,53.689470823532275,190.2
