modelo,estado,diferenca_media_abs,diferenca_mediana_abs,diferenca_max_abs
M3_baseline_tendencia_local_H1,level,10.805238274917436,8.263873888868225,98.77068704089997
M5_custom_BoxCox_ciclo_amortecido,level,3.07824552141035,2.296550200862729,14.451203458346065
M6_tendencia_mais_ciclo_usual,level,14.97489659702055,11.8233712678689,164.99852267611823
