modelo,periodo_dominante_residuo_4a30,potencia_pico,potencia_relativa_9a13,n_residuos
M3_baseline_tendencia_local_H1,5.760869565217392,8774.035142358205,0.05109619227375071,265
M5_custom_BoxCox_ciclo_amortecido,4.818181818181818,6125.063283462933,0.10238012364379842,265
M6_tendencia_mais_ciclo_usual,11.041666666666666,15031.49240926806,0.2995461749596348,265
