n_valid,valid_start,valid_end,lambda,period_bounds,baseline_RMSE,custom_RMSE,delta_RMSE_custom_menos_base,baseline_R2,custom_R2,custom_ganhou
22,1987,2008,0.75,"(10, 14)",18.224990239333405,16.927368492426538,-1.2976217469068665,0.8757665539339834,0.8928276335733721,True
33,1976,2008,0.75,"(10, 14)",18.369381115984822,17.347002450124997,-1.0223786658598257,0.8911082452111667,0.9028920408958523,True
44,1965,2008,0.75,"(10, 14)",18.45217387856085,17.11798912358675,-1.3341847549740997,0.873933260004835,0.8915046968072299,True
55,1954,2008,0.75,"(10, 14)",20.218086308785107,18.941013972312685,-1.277072336472422,0.8835868613864184,0.8978288327573558,True
66,1943,2008,0.75,"(10, 14)",20.50275149435043,19.33497615670279,-1.1677753376476403,0.880794481581394,0.893986945726738,True
