transformacao,media,desvio_padrao,assimetria,curtose_excesso,ADF_pvalue,KPSS_pvalue,Jarque_Bera_pvalue
original,47.380797101449275,38.30461867354843,1.039041211280264,0.7850701062539516,0.056305407796337456,0.09160738929089873,4.7527664330104e-13
log1p,3.474452719084759,1.029300727932818,-0.7992469572125857,0.34999764614649553,0.033516753143241346,0.1,2.0573712117433796e-07
sqrt_y_mais_1,6.374830250615205,2.7875599236166093,0.22499014782484517,-0.6689795395708185,0.06658577532149164,0.1,0.02381138688166193
boxcox_lambda_0_5,10.749660501230409,5.575119847233219,0.22499014782484605,-0.668979539570818,0.06658577532149182,0.1,0.02381138688166193
