transformacao,media,desvio_padrao,assimetria,curtose_excesso,ADF_pvalue,KPSS_pvalue,Jarque_Bera_pvalue
original,77.56521739130434,60.89295245344918,0.8489356046881792,0.046425609248626376,0.030568270972485972,0.1,6.248736943082242e-08
log1p,3.948312293686328,1.066838940462922,-0.9700997620018268,0.9468935551407167,0.025784537551400928,0.1,2.2941833217430427e-12
sqrt_y_mais_1,8.121188836816817,3.5577196772326416,0.12488286987587659,-0.8322992876942457,0.04822687560031656,0.1,0.013012381951174974
boxcox_lambda_0_5,14.242377673633634,7.115439354465283,0.12488286987587659,-0.8322992876942457,0.04822687560031689,0.1,0.013012381951174974
