modelo,n,media_residuo,dp_residuo,RMSE,MAE,Ljung_Box_lag_11_pvalue,Jarque_Bera_pvalue,maior_abs_residuo
M5_BoxCox_ciclo_amortecido,33,-0.5111464029570465,29.925649227686733,29.47317493547617,23.268378147841247,0.12879055008682497,0.010636331052523335,94.11450532278552
M3_tendencia_local_H1,33,-1.840157567906679,31.726107885020873,31.29585771064811,24.055526452287076,0.14290763086495073,0.07815271121790557,92.24814183170116
M6_tendencia_mais_ciclo_usual,33,0.11882333420224582,37.36939636020568,36.799029559393844,28.480619726124377,0.028209029118731348,0.08346568262352058,113.07941910839655
