modelo,R2_OOS,RMSE,MAE,Bias
M5_BoxCox_ciclo_amortecido,0.8828848667560969,21.049350586606273,16.809751422866288,0.44948761100126366
M3_tendencia_local_H1,0.8670290603259139,22.42903362594164,17.49860971680278,-0.48648527656993795
M6_tendencia_mais_ciclo_usual,0.8184475867169698,26.20795933374777,20.653492302732868,1.1053235191026325
